{
  "accuracy": 0.5508196721311476,
  "precision": 0.5486111111111112,
  "recall": 0.9575757575757575,
  "f1": 0.6975717439293598,
  "test_size": 305,
  "split": {
    "test_size": 0.2,
    "random_state": 42
  }
}