{
  "model": "DecisionTreeClassifier",
  "best_params": {
    "random_state": 42
  },
  "selection_metric": "notebook_style_default_tree",
  "train_size": 244,
  "test_size": 61,
  "rows_used": 305,
  "cross_validation": {
    "cv": 5,
    "metric": "f1",
    "f1_folds": [
      0.8285714285714286,
      0.7761194029850746,
      0.835820895522388,
      0.7096774193548387,
      0.71875
    ],
    "f1_mean": 0.773787829286746
  },
  "metrics": {
    "train_accuracy": 1.0,
    "train_precision": 1.0,
    "train_recall": 1.0,
    "train_f1": 1.0,
    "test_accuracy": 0.9606557377049181,
    "test_precision": 0.9526627218934911,
    "test_recall": 0.9757575757575757,
    "test_f1": 0.9640718562874252,
    "overfitting_gap_f1": 0.19354838709677424,
    "confusion_matrix": [
      [
        132,
        8
      ],
      [
        4,
        161
      ]
    ],
    "classification_report": {
      "0": {
        "precision": 0.9705882352941176,
        "recall": 0.9428571428571428,
        "f1-score": 0.9565217391304348,
        "support": 140.0
      },
      "1": {
        "precision": 0.9526627218934911,
        "recall": 0.9757575757575757,
        "f1-score": 0.9640718562874252,
        "support": 165.0
      },
      "accuracy": 0.9606557377049181,
      "macro avg": {
        "precision": 0.9616254785938043,
        "recall": 0.9593073593073593,
        "f1-score": 0.9602967977089301,
        "support": 305.0
      },
      "weighted avg": {
        "precision": 0.9608908264052541,
        "recall": 0.9606557377049181,
        "f1-score": 0.9606062287399542,
        "support": 305.0
      }
    }
  }
}